abbrev, 1.1.0, ISC
abbrev, 1.1.1, ISC
acorn, 1.2.2, MIT
acorn, 5.4.1, MIT
acorn-to-esprima, 2.0.8, MIT
ajv, 4.11.8, MIT
ajv, 5.5.2, MIT
align-text, 0.1.4, MIT
alter, 0.2.0, MIT
amdefine, 1.0.1, "BSD-3-Clause OR MIT"
ansi-escapes, 1.4.0, MIT
ansi-gray, 0.1.1, MIT
ansi-regex, 2.1.1, MIT
ansi-styles, 2.2.1, MIT
ansi-wrap, 0.1.0, MIT
anymatch, 1.3.2, ISC
aproba, 1.1.1, ISC
aproba, 1.2.0, ISC
archy, 1.0.0, MIT
are-we-there-yet, 1.1.4, ISC
argparse, 1.0.9, MIT
arr-diff, 2.0.0, MIT
arr-diff, 4.0.0, MIT
arr-flatten, 1.1.0, MIT
arr-union, 3.1.0, MIT
array-differ, 1.0.0, MIT
array-each, 1.0.1, MIT
array-find-index, 1.0.2, MIT
array-slice, 1.1.0, MIT
array-union, 1.0.2, MIT
array-uniq, 1.0.3, MIT
array-unique, 0.2.1, MIT
array-unique, 0.3.2, MIT
arrify, 1.0.1, MIT
asap, 2.0.6, MIT
asn1, 0.2.3, MIT
assert-plus, 0.2.0, MIT
assert-plus, 1.0.0, MIT
assign-symbols, 1.0.0, MIT
ast-traverse, 0.1.1, MIT
ast-types, 0.8.12, MIT
ast-types, 0.9.6, MIT
async, 1.5.2, MIT
async-each, 1.0.1, MIT
async-foreach, 0.1.3, MIT
asynckit, 0.4.0, MIT
atob, 2.0.3, "(MIT OR Apache-2.0)"
aws-sign2, 0.6.0, "Apache 2.0"
aws-sign2, 0.7.0, "Apache 2.0"
aws4, 1.6.0, MIT
babel-code-frame, 6.26.0, MIT
babel-core, 5.8.38, MIT
babel-messages, 6.23.0, MIT
babel-plugin-constant-folding, 1.0.1, MIT
babel-plugin-dead-code-elimination, 1.0.2, MIT
babel-plugin-eval, 1.0.1, MIT
babel-plugin-inline-environment-variables, 1.0.1, MIT
babel-plugin-jscript, 1.0.4, MIT
babel-plugin-member-expression-literals, 1.0.1, MIT
babel-plugin-property-literals, 1.0.1, MIT
babel-plugin-proto-to-assign, 1.0.4, MIT
babel-plugin-react-constant-elements, 1.0.3, MIT
babel-plugin-react-display-name, 1.0.3, MIT
babel-plugin-remove-console, 1.0.1, MIT
babel-plugin-remove-debugger, 1.0.1, MIT
babel-plugin-runtime, 1.0.7, MIT
babel-plugin-undeclared-variables-check, 1.0.2, MIT
babel-plugin-undefined-to-void, 1.1.6, MIT
babel-runtime, 6.26.0, MIT
babel-traverse, 6.26.0, MIT
babel-types, 6.26.0, MIT
babylon, 5.8.38, MIT
babylon, 6.18.0, MIT
balanced-match, 0.4.2, MIT
balanced-match, 1.0.0, MIT
base, 0.11.2, MIT
bcrypt-pbkdf, 1.0.1, "New BSD"
beeper, 1.1.1, MIT
binary-extensions, 1.11.0, MIT
block-stream, 0.0.9, ISC
bluebird, 2.11.0, MIT
bluebird, 3.5.1, MIT
boom, 2.10.1, "New BSD"
boom, 4.3.1, "New BSD"
boom, 5.2.0, "New BSD"
brace-expansion, 1.1.11, MIT
brace-expansion, 1.1.7, MIT
braces, 1.8.5, MIT
braces, 2.3.0, MIT
breakable, 1.0.0, MIT
buffer-crc32, 0.2.13, MIT
buffer-shims, 1.0.0, MIT
builtin-modules, 1.1.1, MIT
cache-base, 1.0.1, MIT
camelcase, 1.2.1, MIT
camelcase, 2.1.1, MIT
camelcase, 3.0.0, MIT
camelcase-keys, 2.1.0, MIT
caseless, 0.12.0, "Apache 2.0"
center-align, 0.1.3, MIT
chalk, 1.1.3, MIT
chokidar, 1.7.0, MIT
circular-json, 0.3.3, MIT
class-utils, 0.3.6, MIT
cli-cursor, 1.0.2, MIT
cli-width, 1.1.1, ISC
cliui, 2.1.0, ISC
cliui, 3.2.0, ISC
clone, 0.2.0, MIT
clone, 1.0.3, MIT
clone, 2.1.1, MIT
clone-buffer, 1.0.0, MIT
clone-stats, 0.0.1, MIT
clone-stats, 1.0.0, MIT
cloneable-readable, 1.0.0, MIT
co, 4.6.0, MIT
code-point-at, 1.1.0, MIT
coffee-script, 1.12.7, MIT
collection-visit, 1.0.0, MIT
color-support, 1.1.3, ISC
combined-stream, 1.0.5, MIT
combined-stream, 1.0.6, MIT
commander, 2.14.1, MIT
commoner, 0.10.8, MIT
component-emitter, 1.2.1, MIT
concat-map, 0.0.1, MIT
concat-stream, 1.6.0, MIT
concat-with-sourcemaps, 1.0.5, ISC
config-chain, 1.1.11, MIT
console-control-strings, 1.1.0, ISC
convert-source-map, 1.5.1, MIT
copy-descriptor, 0.1.1, MIT
core-js, 1.2.7, MIT
core-js, 2.5.3, MIT
core-util-is, 1.0.2, MIT
cross-spawn, 3.0.1, MIT
cryptiles, 2.0.5, "New BSD"
cryptiles, 3.1.2, "New BSD"
cson, 3.0.2, MIT
cson-parser, 1.3.5, "New BSD"
currently-unhandled, 0.4.1, MIT
d, 1.0.0, MIT
dashdash, 1.14.1, MIT
dateformat, 2.2.0, MIT
debug, 0.7.4, MIT
debug, 2.6.8, MIT
debug, 2.6.9, MIT
debug-log, 1.0.1, MIT
decamelize, 1.2.0, MIT
decode-uri-component, 0.2.0, MIT
deep-extend, 0.4.2, MIT
deep-is, 0.1.3, MIT
defaults, 1.0.3, MIT
define-property, 0.2.5, MIT
define-property, 1.0.0, MIT
defined, 1.0.0, MIT
defs, 1.1.1, MIT
deglob, 1.1.2, ISC
del, 2.2.2, MIT
delayed-stream, 1.0.0, MIT
delegates, 1.0.0, MIT
deprecated, 0.0.1, MIT
detect-file, 1.0.0, MIT
detect-indent, 3.0.1, MIT
detect-libc, 1.0.2, "Apache 2.0"
detective, 4.7.1, MIT
dezalgo, 1.0.3, ISC
diff, 1.4.0, BSD
disparity, 2.0.0, MIT
doctrine, 0.7.2, BSD
duplexer, 0.1.1, MIT
duplexer2, 0.0.2, BSD
eachr, 3.2.0, MIT
ecc-jsbn, 0.1.1, MIT
editions, 1.3.4, MIT
editorconfig, 0.13.3, MIT
end-of-stream, 0.1.5, MIT
error-ex, 1.3.1, MIT
es5-ext, 0.10.38, MIT
es6-iterator, 2.0.3, MIT
es6-map, 0.1.5, MIT
es6-set, 0.1.5, MIT
es6-symbol, 3.1.1, MIT
es6-weak-map, 2.0.2, MIT
escape-string-regexp, 1.0.5, MIT
escope, 3.6.0, "Simplified BSD"
esformatter, 0.8.2, MIT
esformatter-eol-last, 1.0.0, ISC
esformatter-ignore, 0.1.3, MIT
esformatter-jsx, 2.3.11, MIT
esformatter-literal-notation, 1.0.1, MIT
esformatter-parser, 1.0.0, MIT
esformatter-quotes, 1.1.0, MIT
esformatter-semicolon-first, 1.2.0, MIT
esformatter-spaced-lined-comment, 2.0.1, ISC
eslint, 1.9.0, MIT
eslint-config-standard, 4.4.0, MIT
eslint-config-standard-react, 1.2.1, MIT
eslint-plugin-react, 3.16.1, MIT
eslint-plugin-standard, 1.3.3, MIT
espree, 2.2.5, BSD
esprima, 1.0.4, BSD
esprima, 2.7.3, "Simplified BSD"
esprima, 3.1.3, "Simplified BSD"
esprima, 4.0.0, "Simplified BSD"
esprima-fb, 15001.1001.0-dev-harmony-fb, BSD
esrecurse, 4.2.0, "Simplified BSD"
estraverse, 4.2.0, "Simplified BSD"
estraverse-fb, 1.3.2, MIT
esutils, 1.1.6, BSD
esutils, 2.0.2, BSD
event-emitter, 0.3.5, MIT
event-stream, 3.3.2, MIT
exit-hook, 1.1.1, MIT
expand-brackets, 0.1.5, MIT
expand-brackets, 2.1.4, MIT
expand-range, 1.8.2, MIT
expand-tilde, 2.0.2, MIT
extend, 2.0.1, MIT
extend, 3.0.1, MIT
extend-shallow, 2.0.1, MIT
extend-shallow, 3.0.2, MIT
extglob, 0.3.2, MIT
extglob, 2.0.4, MIT
extract-opts, 3.3.1, MIT
extsprintf, 1.0.2, MIT
extsprintf, 1.3.0, MIT
fancy-log, 1.3.2, MIT
fast-deep-equal, 1.0.0, MIT
fast-json-stable-stringify, 2.0.0, MIT
fast-levenshtein, 1.0.7, MIT
figures, 1.7.0, MIT
file-entry-cache, 1.3.1, MIT
filename-regex, 2.0.1, MIT
fill-range, 2.2.3, MIT
fill-range, 4.0.0, MIT
find-index, 0.1.1, MIT
find-root, 0.1.2, MIT
find-root, 1.1.0, MIT
find-up, 1.1.2, MIT
findup-sync, 2.0.0, MIT
fined, 1.1.0, MIT
first-chunk-stream, 1.0.0, MIT
first-chunk-stream, 2.0.0, MIT
flagged-respawn, 1.0.0, MIT
flat-cache, 1.3.0, MIT
for-in, 1.0.2, MIT
for-own, 0.1.5, MIT
for-own, 1.0.0, MIT
foreach, 2.0.5, MIT
forever-agent, 0.6.1, "Apache 2.0"
form-data, 2.1.4, MIT
form-data, 2.3.2, MIT
fragment-cache, 0.2.1, MIT
fresh-falafel, 1.2.0, MIT
from, 0.1.7, MIT
fs-readdir-recursive, 0.1.2, MIT
fsevents, 1.1.3, MIT
fstream, 1.0.11, ISC
fstream-ignore, 1.0.5, ISC
gauge, 2.7.4, ISC
gaze, 0.5.2, MIT
gaze, 1.1.2, MIT
generate-function, 2.0.0, MIT
generate-object-property, 1.2.0, MIT
get-caller-file, 1.0.2, ISC
get-stdin, 4.0.1, MIT
get-value, 2.0.6, MIT
getpass, 0.1.7, MIT
glob, 3.1.21, BSD
glob, 4.5.3, ISC
glob, 5.0.15, ISC
glob, 7.1.2, ISC
glob-base, 0.3.0, MIT
glob-parent, 2.0.0, ISC
glob-parent, 3.1.0, ISC
glob-stream, 3.1.18, MIT
glob-watcher, 0.0.6, MIT
glob2base, 0.0.12, MIT
global-modules, 1.0.0, MIT
global-prefix, 1.0.2, MIT
globals, 6.4.1, MIT
globals, 8.18.0, MIT
globals, 9.18.0, MIT
globby, 5.0.0, MIT
globule, 0.1.0, MIT
globule, 1.2.0, MIT
glogg, 1.0.1, MIT
graceful-fs, 1.2.3, BSD
graceful-fs, 3.0.11, ISC
graceful-fs, 4.1.11, ISC
gulp, 3.9.1, MIT
gulp-concat, 2.6.1, MIT
gulp-cson, 0.3.1, MIT
gulp-sass, 2.1.0, MIT
gulp-shell, 0.5.2, MIT
gulp-util, 3.0.8, MIT
gulp-watch, 4.3.11, MIT
gulp-zip, 3.0.2, MIT
gulplog, 1.0.0, MIT
handlebars, 4.0.11, MIT
har-schema, 1.0.5, ISC
har-schema, 2.0.0, ISC
har-validator, 4.2.1, ISC
har-validator, 5.0.3, ISC
has-ansi, 2.0.0, MIT
has-gulplog, 0.1.0, MIT
has-unicode, 2.0.1, ISC
has-value, 0.3.1, MIT
has-value, 1.0.0, MIT
has-values, 0.1.4, MIT
has-values, 1.0.0, MIT
hawk, 3.1.3, "New BSD"
hawk, 6.0.2, "New BSD"
hoek, 2.16.3, "New BSD"
hoek, 4.2.0, "New BSD"
home-or-tmp, 1.0.0, MIT
homedir-polyfill, 1.0.1, MIT
hosted-git-info, 2.5.0, ISC
http-signature, 1.1.1, MIT
http-signature, 1.2.0, MIT
iconv-lite, 0.4.19, MIT
ignore, 3.3.7, MIT
in-publish, 2.0.0, ISC
indent-string, 2.1.0, MIT
inflight, 1.0.6, ISC
inherits, 1.0.2, ISC
inherits, 2.0.3, ISC
ini, 1.3.4, ISC
ini, 1.3.5, ISC
inquirer, 0.11.4, MIT
interpret, 1.1.0, MIT
invariant, 2.2.2, "New BSD"
invert-kv, 1.0.0, MIT
is-absolute, 1.0.0, MIT
is-accessor-descriptor, 0.1.6, MIT
is-accessor-descriptor, 1.0.0, MIT
is-arrayish, 0.2.1, MIT
is-binary-path, 1.0.1, MIT
is-buffer, 1.1.6, MIT
is-builtin-module, 1.0.0, MIT
is-data-descriptor, 0.1.4, MIT
is-data-descriptor, 1.0.0, MIT
is-descriptor, 0.1.6, MIT
is-descriptor, 1.0.2, MIT
is-dotfile, 1.0.3, MIT
is-equal-shallow, 0.1.3, MIT
is-extendable, 0.1.1, MIT
is-extendable, 1.0.1, MIT
is-extglob, 1.0.0, MIT
is-extglob, 2.1.1, MIT
is-finite, 1.0.2, MIT
is-fullwidth-code-point, 1.0.0, MIT
is-glob, 2.0.1, MIT
is-glob, 3.1.0, MIT
is-integer, 1.0.7, "WTFPL OR ISC"
is-my-json-valid, 2.17.1, MIT
is-number, 2.1.0, MIT
is-number, 3.0.0, MIT
is-odd, 1.0.0, MIT
is-path-cwd, 1.0.0, MIT
is-path-in-cwd, 1.0.0, MIT
is-path-inside, 1.0.1, MIT
is-plain-object, 2.0.4, MIT
is-posix-bracket, 0.1.1, MIT
is-primitive, 2.0.0, MIT
is-property, 1.0.2, MIT
is-relative, 1.0.0, MIT
is-resolvable, 1.1.0, ISC
is-typedarray, 1.0.0, MIT
is-unc-path, 1.0.0, MIT
is-utf8, 0.2.1, MIT
is-windows, 1.0.2, MIT
isarray, 0.0.1, MIT
isarray, 1.0.0, MIT
isexe, 2.0.0, ISC
isobject, 2.1.0, MIT
isobject, 3.0.1, MIT
isstream, 0.1.2, MIT
jodid25519, 1.0.2, MIT
js-base64, 2.4.3, "New BSD"
js-beautify, 1.7.5, MIT
js-tokens, 1.0.1, MIT
js-tokens, 3.0.2, MIT
js-yaml, 3.10.0, MIT
jsbn, 0.1.1, MIT
jsesc, 0.5.0, MIT
json-schema, 0.2.3, "AFLv2.1, BSD"
json-schema-traverse, 0.3.1, MIT
json-stable-stringify, 1.0.1, MIT
json-stringify-safe, 5.0.1, ISC
json5, 0.4.0, MIT
jsonify, 0.0.0, "Public Domain"
jsonpointer, 4.0.1, MIT
jsprim, 1.4.0, MIT
jsprim, 1.4.1, MIT
kind-of, 3.2.2, MIT
kind-of, 4.0.0, MIT
kind-of, 5.1.0, MIT
kind-of, 6.0.2, MIT
lazy-cache, 1.0.4, MIT
lazy-cache, 2.0.2, MIT
lcid, 1.0.0, MIT
leven, 1.0.2, MIT
levn, 0.2.5, MIT
liftoff, 2.5.0, MIT
load-json-file, 1.1.0, MIT
lodash, 1.0.2, MIT
lodash, 3.10.1, MIT
lodash, 4.17.5, MIT
longest, 1.0.1, MIT
loose-envify, 1.3.1, MIT
loud-rejection, 1.6.0, MIT
lru-cache, 2.7.3, ISC
lru-cache, 3.2.0, ISC
lru-cache, 4.1.1, ISC
make-iterator, 1.0.0, MIT
map-cache, 0.2.2, MIT
map-obj, 1.0.1, MIT
map-stream, 0.1.0, unknown
map-visit, 1.0.0, MIT
meow, 3.7.0, MIT
micromatch, 2.3.11, MIT
micromatch, 3.1.5, MIT
mime-db, 1.27.0, MIT
mime-db, 1.30.0, MIT
mime-types, 2.1.15, MIT
mime-types, 2.1.17, MIT
minimatch, 0.2.14, MIT
minimatch, 2.0.10, ISC
minimatch, 3.0.4, ISC
minimist, 0.0.10, MIT
minimist, 0.0.8, MIT
minimist, 1.2.0, MIT
mixin-deep, 1.3.1, MIT
mkdirp, 0.5.1, MIT
mout, 0.11.1, MIT
mout, 1.1.0, MIT
ms, 2.0.0, MIT
multiline, 1.0.2, MIT
multipipe, 0.1.2, MIT
mute-stream, 0.0.5, ISC
nan, 2.8.0, MIT
nanomatch, 1.2.7, MIT
natives, 1.1.1, ISC
node-gyp, 3.6.2, MIT
node-pre-gyp, 0.6.39, "New BSD"
node-sass, 3.13.1, MIT
nopt, 3.0.6, ISC
nopt, 4.0.1, ISC
normalize-package-data, 2.4.0, "Simplified BSD"
normalize-path, 2.1.1, MIT
npm-path, 1.1.0, MIT
npm-run, 2.0.0, MIT
npm-which, 2.0.0, MIT
npmlog, 4.1.0, ISC
npmlog, 4.1.2, ISC
number-is-nan, 1.0.1, MIT
oauth-sign, 0.8.2, "Apache 2.0"
object-assign, 3.0.0, MIT
object-assign, 4.1.1, MIT
object-copy, 0.1.0, MIT
object-keys, 1.0.11, MIT
object-visit, 1.0.1, MIT
once, 1.3.3, ISC
once, 1.4.0, ISC
onetime, 1.1.0, MIT
optimist, 0.6.1, MIT/X11
optionator, 0.6.0, MIT
orchestrator, 0.3.8, MIT
ordered-read-streams, 0.1.0, MIT
os-homedir, 1.0.2, MIT
os-locale, 1.4.0, MIT
os-shim, 0.1.3, MIT
os-tmpdir, 1.0.2, MIT
osenv, 0.1.4, ISC
output-file-sync, 1.1.2, MIT
parse-filepath, 1.0.2, MIT
parse-glob, 3.0.4, MIT
parse-json, 2.2.0, MIT
parse-passwd, 1.0.0, MIT
pascalcase, 0.1.1, MIT
path-dirname, 1.0.2, MIT
path-exists, 1.0.0, MIT
path-exists, 2.1.0, MIT
path-is-absolute, 1.0.1, MIT
path-is-inside, 1.0.2, "(WTFPL OR MIT)"
path-parse, 1.0.5, MIT
path-root, 0.1.1, MIT
path-root-regex, 0.1.2, MIT
path-type, 1.1.0, MIT
pause-stream, 0.0.11, "MIT, Apache 2.0"
performance-now, 0.2.0, MIT
performance-now, 2.1.0, MIT
pify, 2.3.0, MIT
pinkie, 2.0.4, MIT
pinkie-promise, 2.0.1, MIT
pkg-config, 1.1.1, MIT
posix-character-classes, 0.1.1, MIT
prelude-ls, 1.1.2, MIT
preserve, 0.2.0, MIT
pretty-hrtime, 1.0.3, MIT
private, 0.1.8, MIT
process-nextick-args, 1.0.7, MIT
process-nextick-args, 2.0.0, MIT
proto-list, 1.2.4, ISC
protochain, 1.0.5, ISC
pseudomap, 1.0.2, ISC
punycode, 1.4.1, MIT
q, 1.5.1, MIT
qs, 6.4.0, "New BSD"
qs, 6.5.1, "New BSD"
randomatic, 1.1.7, MIT
rc, 1.2.1, "(BSD-2-Clause OR MIT OR Apache-2.0)"
read-pkg, 1.1.0, MIT
read-pkg-up, 1.0.1, MIT
readable-stream, 1.0.34, MIT
readable-stream, 1.1.14, MIT
readable-stream, 2.2.9, MIT
readable-stream, 2.3.4, MIT
readdirp, 2.1.0, MIT
readline2, 1.0.1, MIT
recast, 0.10.33, MIT
recast, 0.11.23, MIT
rechoir, 0.6.2, MIT
redent, 1.0.0, MIT
regenerate, 1.3.3, MIT
regenerator, 0.8.40, BSD
regenerator-runtime, 0.11.1, MIT
regex-cache, 0.4.4, MIT
regex-not, 1.0.0, MIT
regexpu, 1.3.0, MIT
regjsgen, 0.2.0, MIT
regjsparser, 0.1.5, BSD
remove-trailing-separator, 1.1.0, ISC
repeat-element, 1.1.2, MIT
repeat-string, 1.6.1, MIT
repeating, 1.1.3, MIT
repeating, 2.0.1, MIT
replace-ext, 0.0.1, MIT
replace-ext, 1.0.0, MIT
request, 2.81.0, "Apache 2.0"
request, 2.83.0, "Apache 2.0"
require-directory, 2.1.1, MIT
require-main-filename, 1.0.1, ISC
requirefresh, 2.1.0, MIT
resolve, 1.5.0, MIT
resolve-dir, 1.0.1, MIT
resolve-url, 0.2.1, MIT
restore-cursor, 1.0.1, MIT
right-align, 0.1.3, MIT
rimraf, 2.6.1, ISC
rimraf, 2.6.2, ISC
rocambole, 0.3.6, MIT
rocambole, 0.7.0, MIT
rocambole-indent, 2.0.4, MIT
rocambole-linebreak, 1.0.2, MIT
rocambole-node, 1.0.0, MIT
rocambole-token, 1.2.1, MIT
rocambole-whitespace, 1.0.0, MIT
run-async, 0.1.0, MIT
run-parallel, 1.1.7, MIT
rx-lite, 3.1.2, "Apache 2.0"
safe-buffer, 5.0.1, MIT
safe-buffer, 5.1.1, MIT
safefs, 4.1.0, MIT
sass-graph, 2.2.4, MIT
scss-tokenizer, 0.2.3, MIT
semver, 4.3.6, ISC
semver, 5.3.0, ISC
semver, 5.5.0, ISC
sequencify, 0.0.7, MIT
serializerr, 1.0.3, ISC
set-blocking, 2.0.0, ISC
set-getter, 0.1.0, MIT
set-immediate-shim, 1.0.1, MIT
set-value, 0.4.3, MIT
set-value, 2.0.0, MIT
shebang-regex, 1.0.0, MIT
shelljs, 0.5.3, BSD*
sigmund, 1.0.1, ISC
signal-exit, 3.0.2, ISC
simple-fmt, 0.1.0, MIT
simple-is, 0.2.0, MIT
slash, 1.0.0, MIT
snapdragon, 0.8.1, MIT
snapdragon-node, 2.1.1, MIT
snapdragon-util, 3.0.1, MIT
sntp, 1.0.9, BSD
sntp, 2.1.0, "New BSD"
source-map, 0.1.32, BSD
source-map, 0.4.4, "New BSD"
source-map, 0.5.7, "New BSD"
source-map, 0.6.1, "New BSD"
source-map-resolve, 0.5.1, MIT
source-map-support, 0.2.10, MIT
source-map-url, 0.4.0, MIT
sparkles, 1.0.0, MIT
spawn-sync, 1.0.15, MIT
spdx-correct, 1.0.2, "Apache 2.0"
spdx-expression-parse, 1.0.4, "(MIT AND CC-BY-3.0)"
spdx-license-ids, 1.2.2, Unlicense
split, 0.3.3, MIT
split-string, 3.1.0, MIT
sprintf-js, 1.0.3, "New BSD"
sshpk, 1.13.0, MIT
sshpk, 1.13.1, MIT
stable, 0.1.6, MIT
standard, 5.4.1, MIT
standard-engine, 2.2.5, MIT
standard-format, 1.6.10, "Simplified BSD"
static-extend, 0.1.2, MIT
stdin, 0.0.1, MIT
stream-combiner, 0.0.4, MIT
stream-consume, 0.1.0, MIT
string-width, 1.0.2, MIT
string_decoder, 0.10.31, MIT
string_decoder, 1.0.1, MIT
string_decoder, 1.0.3, MIT
stringmap, 0.2.2, MIT
stringset, 0.2.1, MIT
stringstream, 0.0.5, MIT
strip-ansi, 3.0.1, MIT
strip-bom, 1.0.0, MIT
strip-bom, 2.0.0, MIT
strip-bom-stream, 2.0.0, MIT
strip-indent, 1.0.1, MIT
strip-json-comments, 0.1.3, MIT
strip-json-comments, 1.0.4, MIT
strip-json-comments, 2.0.1, MIT
supports-color, 1.3.1, MIT
supports-color, 2.0.0, MIT
sync-exec, 0.5.0, "GNU GPLv2"
tar, 2.2.1, ISC
tar-pack, 3.4.0, "Simplified BSD"
text-table, 0.2.0, MIT
through, 2.3.8, MIT
through2, 0.6.5, MIT
through2, 2.0.3, MIT
tildify, 1.2.0, MIT
time-stamp, 1.1.0, MIT
to-double-quotes, 2.0.0, MIT
to-fast-properties, 1.0.3, MIT
to-object-path, 0.3.0, MIT
to-regex, 3.0.1, MIT
to-regex-range, 2.1.1, MIT
to-single-quotes, 2.0.1, MIT
tough-cookie, 2.3.2, "New BSD"
tough-cookie, 2.3.3, "New BSD"
traffico, 0.1.26, MIT
trim-newlines, 1.0.0, MIT
trim-right, 1.0.1, MIT
try-resolve, 1.0.1, MIT
tryor, 0.1.2, MIT
tunnel-agent, 0.6.0, "Apache 2.0"
tweetnacl, 0.14.5, Unlicense
type-check, 0.3.2, MIT
typechecker, 4.4.1, MIT
typedarray, 0.0.6, MIT
uglify-js, 2.8.29, "Simplified BSD"
uglify-to-browserify, 1.0.2, MIT
uid-number, 0.0.6, ISC
unc-path-regex, 0.1.2, MIT
union-value, 1.0.0, MIT
uniq, 1.0.1, MIT
unique-stream, 1.0.0, BSD
unset-value, 1.0.0, MIT
urix, 0.1.0, MIT
use, 2.0.2, MIT
user-home, 1.1.1, MIT
user-home, 2.0.0, MIT
util-deprecate, 1.0.2, MIT
uuid, 3.0.1, MIT
uuid, 3.2.1, MIT
v8flags, 2.1.1, MIT
validate-npm-package-license, 3.0.1, "Apache 2.0"
verror, 1.10.0, MIT
verror, 1.3.6, MIT
vinyl, 0.4.6, MIT
vinyl, 0.5.3, MIT
vinyl, 1.2.0, MIT
vinyl, 2.1.0, MIT
vinyl-file, 2.0.0, MIT
vinyl-fs, 0.3.14, MIT
vinyl-sourcemaps-apply, 0.2.1, ISC
which, 1.3.0, ISC
which-module, 1.0.0, ISC
wide-align, 1.1.2, ISC
window-size, 0.1.0, MIT
window-size, 0.1.4, MIT
wordwrap, 0.0.2, MIT/X11
wordwrap, 0.0.3, MIT
wrap-ansi, 2.1.0, MIT
wrappy, 1.0.2, ISC
write, 0.2.1, MIT
xml-escape, 1.0.0, MIT
xtend, 4.0.1, MIT
y18n, 3.2.1, ISC
yallist, 2.1.2, ISC
yargs, 3.10.0, MIT
yargs, 3.27.0, MIT
yargs, 7.1.0, MIT
yargs-parser, 5.0.0, ISC
yazl, 2.4.3, MIT
